mae,rmse,r,outcome,dimension,setup,n,y_mean,y_std,y_max
8.424526051896356,11.817783025448628,0.799194332378258,WAB AQ,summary,subtype_only,338,71.41005917159762,19.62199329086008,99.6
10.855859160792765,14.14660914178786,0.6987771402164434,WAB AQ,summary,features_only,338,71.41005917159762,19.62199329086008,99.6
8.145741050517913,10.724911726742178,0.8374451146666547,WAB AQ,summary,subtype+features,338,71.41005917159762,19.62199329086008,99.6
7.775912978835286,10.234223520173366,0.8546831420376712,WAB AQ,summary,subtype+features+emb,338,71.41005917159762,19.62199329086008,99.6
14.226961728002827,18.13733162618623,0.4606097944151822,WAB AQ,summary,dev_age_only,338,71.41005917159762,19.62199329086008,99.6
9.15321946455156,12.462194238954563,0.7782743172458514,WAB AQ,summary,subtype+dev_age,338,71.41005917159762,19.62199329086008,99.6
7.715515967496384,10.144497712417765,0.8580646252781866,WAB AQ,summary,subtype+features+emb+acoustic,338,71.41005917159762,19.62199329086008,99.6
1.2432553260555312,1.5054597738749553,0.7993130846013764,WAB Fluency,production,subtype_only,334,6.308383233532934,2.5019372894693923,10.0
1.4031672252728902,1.72014164459636,0.7306277152388678,WAB Fluency,production,features_only,334,6.308383233532934,2.5019372894693923,10.0
1.1352127134920063,1.4127159056318692,0.8253755677060628,WAB Fluency,production,subtype+features,334,6.308383233532934,2.5019372894693923,10.0
1.1854424893478337,1.4589992963122165,0.8125518538618145,WAB Fluency,production,subtype+features+emb,334,6.308383233532934,2.5019372894693923,10.0
1.6287667276668976,1.998781152382383,0.627355353398903,WAB Fluency,production,dev_age_only,334,6.308383233532934,2.5019372894693923,10.0
1.2830824956991376,1.5632422172745801,0.7865532036237015,WAB Fluency,production,subtype+dev_age,334,6.308383233532934,2.5019372894693923,10.0
1.1833533135139462,1.4686063111569598,0.809633482296616,WAB Fluency,production,subtype+features+emb+acoustic,334,6.308383233532934,2.5019372894693923,10.0
1.0923647254602051,1.607564998331625,0.677039122883271,WAB InfoContent,content,subtype_only,321,7.76791277258567,2.1788844365936453,10.0
1.249071023271742,1.7550665765145,0.6112257285386137,WAB InfoContent,content,features_only,321,7.76791277258567,2.1788844365936453,10.0
1.0998959166172533,1.556463619327415,0.7031756500189403,WAB InfoContent,content,subtype+features,321,7.76791277258567,2.1788844365936453,10.0
1.086498817115207,1.4740233741755324,0.7364723791950308,WAB InfoContent,content,subtype+features+emb,321,7.76791277258567,2.1788844365936453,10.0
1.5590088989839157,2.053535613262138,0.435941077174434,WAB InfoContent,content,dev_age_only,321,7.76791277258567,2.1788844365936453,10.0
1.2649846813974077,1.812013077781735,0.6002966499596576,WAB InfoContent,content,subtype+dev_age,321,7.76791277258567,2.1788844365936453,10.0
1.1105148517941192,1.5018557405691477,0.7247049576367444,WAB InfoContent,content,subtype+features+emb+acoustic,321,7.76791277258567,2.1788844365936453,10.0
11.381280976160594,15.657522763574859,0.8126316215948421,WAB Repetition,phonological,subtype_only,318,65.5880503144654,26.717779313012752,100.0
17.882435128080747,22.72049348480522,0.5529467951675647,WAB Repetition,phonological,features_only,318,65.5880503144654,26.717779313012752,100.0
12.011230392605295,16.077982927828455,0.7994920304603885,WAB Repetition,phonological,subtype+features,318,65.5880503144654,26.717779313012752,100.0
11.018903205291332,14.509746138417926,0.8409266325102053,WAB Repetition,phonological,subtype+features+emb,318,65.5880503144654,26.717779313012752,100.0
20.83568714942631,26.537123559534766,0.3576086987210847,WAB Repetition,phonological,dev_age_only,318,65.5880503144654,26.717779313012752,100.0
12.213740922443659,16.708582382944687,0.7928766943926967,WAB Repetition,phonological,subtype+dev_age,318,65.5880503144654,26.717779313012752,100.0
11.108587436824754,14.537719107859765,0.8410593864040544,WAB Repetition,phonological,subtype+features+emb+acoustic,318,65.5880503144654,26.717779313012752,100.0
9.908966629485743,13.537275511301837,0.5781680161431567,WAB Object Naming,lexical,subtype_only,318,44.77987421383648,16.543500043668804,60.0
11.564633645000438,15.686050229637585,0.42714106903176935,WAB Object Naming,lexical,features_only,318,44.77987421383648,16.543500043668804,60.0
10.245586727590796,13.857636751001351,0.5656236745678083,WAB Object Naming,lexical,subtype+features,318,44.77987421383648,16.543500043668804,60.0
8.866856534612053,11.88594689577439,0.6968752385292197,WAB Object Naming,lexical,subtype+features+emb,318,44.77987421383648,16.543500043668804,60.0
13.270274614878277,17.63103449432487,0.21046693335885502,WAB Object Naming,lexical,dev_age_only,318,44.77987421383648,16.543500043668804,60.0
10.775858638177754,14.471068828979854,0.5454695253789136,WAB Object Naming,lexical,subtype+dev_age,318,44.77987421383648,16.543500043668804,60.0
8.678472250465102,11.46258413254858,0.7257744398032006,WAB Object Naming,lexical,subtype+features+emb+acoustic,318,44.77987421383648,16.543500043668804,60.0
3.326777795330862,4.142805748200344,0.6169730417032344,WAB Word Fluency,lexical,subtype_only,318,8.040880503144654,5.253471015936059,20.0
3.666704161579765,4.608609416096557,0.5111849087930558,WAB Word Fluency,lexical,features_only,318,8.040880503144654,5.253471015936059,20.0
3.3005145133795573,4.204502102648129,0.6072721596777955,WAB Word Fluency,lexical,subtype+features,318,8.040880503144654,5.253471015936059,20.0
3.0322295877369627,3.79969029721504,0.6909352827116959,WAB Word Fluency,lexical,subtype+features+emb,318,8.040880503144654,5.253471015936059,20.0
4.570309209893997,5.572854970893903,0.23485903041632905,WAB Word Fluency,lexical,dev_age_only,318,8.040880503144654,5.253471015936059,20.0
3.8824122276548065,4.796408794538464,0.49231611358269634,WAB Word Fluency,lexical,subtype+dev_age,318,8.040880503144654,5.253471015936059,20.0
3.028003378977894,3.7775914278387415,0.6952885377383071,WAB Word Fluency,lexical,subtype+features+emb+acoustic,318,8.040880503144654,5.253471015936059,20.0
1.470072168925536,2.1339427579878953,0.6136909566154983,WAB Sent Completion,production,subtype_only,318,7.927672955974843,2.6854701507888814,10.0
1.870176466561002,2.4700651682350143,0.45278817873847516,WAB Sent Completion,production,features_only,318,7.927672955974843,2.6854701507888814,10.0
1.6478452752554287,2.261205606169164,0.5624904819417719,WAB Sent Completion,production,subtype+features,318,7.927672955974843,2.6854701507888814,10.0
1.548251351413232,2.1123099750945786,0.619496263568512,WAB Sent Completion,production,subtype+features+emb,318,7.927672955974843,2.6854701507888814,10.0
2.0575191588329242,2.80412751678089,0.26250453895058823,WAB Sent Completion,production,dev_age_only,318,7.927672955974843,2.6854701507888814,10.0
1.606748339831434,2.2955276767485775,0.5758564664954119,WAB Sent Completion,production,subtype+dev_age,318,7.927672955974843,2.6854701507888814,10.0
1.5264359237350362,2.093014606791696,0.6288458015534973,WAB Sent Completion,production,subtype+features+emb+acoustic,318,7.927672955974843,2.6854701507888814,10.0
1.7201181966211292,2.4672912928450472,0.6041103501808487,WAB Resp Speech,production,subtype_only,318,7.776729559748428,3.083302463932913,10.0
2.118071096149553,2.9161585243852155,0.4516605887595443,WAB Resp Speech,production,features_only,318,7.776729559748428,3.083302463932913,10.0
1.8917631331005507,2.6472601045686446,0.555648287875119,WAB Resp Speech,production,subtype+features,318,7.776729559748428,3.083302463932913,10.0
1.733538853296178,2.3853303977985236,0.6352995875907305,WAB Resp Speech,production,subtype+features+emb,318,7.776729559748428,3.083302463932913,10.0
2.4188110390861497,3.3106396439808115,0.22020264314657362,WAB Resp Speech,production,dev_age_only,318,7.776729559748428,3.083302463932913,10.0
1.8795782313067335,2.69558677816401,0.5391199158924597,WAB Resp Speech,production,subtype+dev_age,318,7.776729559748428,3.083302463932913,10.0
1.7507357722991321,2.3833431745555553,0.635298943212544,WAB Resp Speech,production,subtype+features+emb+acoustic,318,7.776729559748428,3.083302463932913,10.0
3.012206000068652,4.157016314139843,0.57575901042038,WAB Yes/No,comprehension,subtype_only,318,55.61635220125786,5.0715617806374205,60.0
3.641525056328973,4.956989639661828,0.38011153461238734,WAB Yes/No,comprehension,features_only,318,55.61635220125786,5.0715617806374205,60.0
3.3121006474542876,4.374807916974194,0.5272215233597934,WAB Yes/No,comprehension,subtype+features,318,55.61635220125786,5.0715617806374205,60.0
3.359497399361517,4.570329116140742,0.4699748170925195,WAB Yes/No,comprehension,subtype+features+emb,318,55.61635220125786,5.0715617806374205,60.0
3.753982962028349,5.243975561807724,0.23312752675497866,WAB Yes/No,comprehension,dev_age_only,318,55.61635220125786,5.0715617806374205,60.0
3.323736698941229,4.591478863933077,0.4798441571408668,WAB Yes/No,comprehension,subtype+dev_age,318,55.61635220125786,5.0715617806374205,60.0
3.3879758304129735,4.583500685868014,0.4614233512455063,WAB Yes/No,comprehension,subtype+features+emb+acoustic,318,55.61635220125786,5.0715617806374205,60.0
4.606216439006149,7.100898018914859,0.6455600601908633,WAB AudWdRec,comprehension,subtype_only,318,53.55974842767296,9.283508875615384,60.0
6.408716725604112,9.246189721785258,0.37619587217459743,WAB AudWdRec,comprehension,features_only,318,53.55974842767296,9.283508875615384,60.0
5.2126093986834565,7.578249963051675,0.6000742115309265,WAB AudWdRec,comprehension,subtype+features,318,53.55974842767296,9.283508875615384,60.0
4.9618245956920495,7.277534889688107,0.62500647779651,WAB AudWdRec,comprehension,subtype+features+emb,318,53.55974842767296,9.283508875615384,60.0
6.809751882143004,10.095219119361245,0.21860159778539284,WAB AudWdRec,comprehension,dev_age_only,318,53.55974842767296,9.283508875615384,60.0
5.344808035036206,8.157315190579292,0.5438136980133167,WAB AudWdRec,comprehension,subtype+dev_age,318,53.55974842767296,9.283508875615384,60.0
5.064514609073309,7.374139837999062,0.6131005466872478,WAB AudWdRec,comprehension,subtype+features+emb+acoustic,318,53.55974842767296,9.283508875615384,60.0
12.344773471532339,15.547842052134754,0.7154948766254339,WAB SeqComm,comprehension,subtype_only,318,53.874213836477985,22.242726784776153,80.0
15.327501765483277,19.37077870391425,0.5165514588152386,WAB SeqComm,comprehension,features_only,318,53.874213836477985,22.242726784776153,80.0
12.972329203270757,16.367690557421277,0.6808363171473336,WAB SeqComm,comprehension,subtype+features,318,53.874213836477985,22.242726784776153,80.0
13.128974065976712,16.37581260966476,0.6770385040262931,WAB SeqComm,comprehension,subtype+features+emb,318,53.874213836477985,22.242726784776153,80.0
18.59535738414972,22.9606054862261,0.2631479272807578,WAB SeqComm,comprehension,dev_age_only,318,53.874213836477985,22.242726784776153,80.0
13.841637164872381,17.551173860922333,0.6313332539490016,WAB SeqComm,comprehension,subtype+dev_age,318,53.874213836477985,22.242726784776153,80.0
12.877435335740335,16.1180593637833,0.6901259011500084,WAB SeqComm,comprehension,subtype+features+emb+acoustic,318,53.874213836477985,22.242726784776153,80.0
1.9184629765494425,2.348544498051639,0.4968844415240602,Sent Comp Total,comprehension,subtype_only,69,15.521739130434783,2.6844085287709794,20.0
2.0512927954244864,2.5334431687555212,0.37807853751744247,Sent Comp Total,comprehension,features_only,69,15.521739130434783,2.6844085287709794,20.0
2.0211972565601557,2.5320515951422293,0.38347526049843933,Sent Comp Total,comprehension,subtype+features,69,15.521739130434783,2.6844085287709794,20.0
2.045770433434253,2.5574624116075757,0.32533509482885287,Sent Comp Total,comprehension,subtype+features+emb,69,15.521739130434783,2.6844085287709794,20.0
2.8661119975027267,3.4471075604575088,0.10059385217052592,Sent Comp Total,comprehension,dev_age_only,69,15.521739130434783,2.6844085287709794,20.0
2.4655454895670044,3.0294200152720254,0.3019825308581796,Sent Comp Total,comprehension,subtype+dev_age,69,15.521739130434783,2.6844085287709794,20.0
2.0395348971030356,2.490215630268574,0.3868882801929666,Sent Comp Total,comprehension,subtype+features+emb+acoustic,69,15.521739130434783,2.6844085287709794,20.0
3.947989912631416,5.0150084822995895,0.656558263301296,VNT Total,lexical-verb,subtype_only,315,14.58095238095238,6.638197717320596,22.0
4.26897830733239,5.363293699988674,0.6014651552792063,VNT Total,lexical-verb,features_only,315,14.58095238095238,6.638197717320596,22.0
3.8918940705677696,4.818236365482593,0.6899316519279783,VNT Total,lexical-verb,subtype+features,315,14.58095238095238,6.638197717320596,22.0
3.3362233215120796,4.128992879550557,0.7875689312680848,VNT Total,lexical-verb,subtype+features+emb,315,14.58095238095238,6.638197717320596,22.0
5.508435934281988,6.744173307808984,0.2905983877500528,VNT Total,lexical-verb,dev_age_only,315,14.58095238095238,6.638197717320596,22.0
4.498338288051635,5.653833808056092,0.5613338623186724,VNT Total,lexical-verb,subtype+dev_age,315,14.58095238095238,6.638197717320596,22.0
3.377724113525607,4.219037620758671,0.774717593137127,VNT Total,lexical-verb,subtype+features+emb+acoustic,315,14.58095238095238,6.638197717320596,22.0
