corpus,feature,n,mean_change,std_change,t_stat,p
Fridriksson,z1,4,-0.9471001301561308,2.084705069052551,-0.9086178608339696,0.4305392805291066
Fridriksson,z2,4,-0.6974256078020005,0.4973910697555819,-2.8043350603166863,0.06760936819058498
Fridriksson,z3,4,2.4077124470935507,1.2454657447211692,3.8663647832925045,0.030601825799833626
Fridriksson,z4,4,-0.554876776141241,1.5194953264983453,-0.7303435113814353,0.5180461375999428
Fridriksson,z5,4,-0.0007335591614822112,0.9754888837425099,-0.0015039826157072674,0.9988944151233964
Fridriksson,z6,4,1.0828955223860002,0.7579599095069315,2.857395249546763,0.06471503255365689
Fridriksson,z7,4,-0.009216828353931755,0.7435398733763237,-0.02479175275988701,0.9817779425151277
Fridriksson,z8,4,0.0028491553057882757,0.9746996165181881,0.005846222277107277,0.9957024442800568
Fridriksson,mlu_morphemes,4,-0.8362599747022957,2.0780676132855893,-0.804843855277743,0.47978540992960433
Fridriksson,mlu_words,4,-0.3072406408616097,0.654744526481788,-0.9385054122179232,0.4172194877285571
Fridriksson,ttr,4,0.07692823081687201,0.07949824584714905,1.9353441072091477,0.14838688939388042
Fridriksson,ndw,4,-2.708333333333334,32.63898345139966,-0.16595696599228443,0.8787447174499572
Fridriksson,verbs_per_utterance,4,0.010449746569414324,0.15992603289702018,0.1306822457872527,0.9042975194793808
Fridriksson,utt_len_std,4,-0.42479300343813553,0.3959846915054134,-2.1455021497078675,0.12122140007284941
Fridriksson,function_word_ratio,4,-0.08444777862889638,0.08741418148037307,-1.9321299404458137,0.1488550836436581
Fridriksson,hapax_ratio,4,0.09997818335516989,0.07967018286782646,2.509801779193468,0.08695274390256917
Fridriksson,single_word_ratio,4,0.00044678594935276816,0.16048935113732546,0.005567795572560676,0.9959071127517546
Holland1,z1,15,0.310566779486595,2.1669172888950547,0.5550834685758544,0.5875975572950417
Holland1,z2,15,-0.18477922681749245,0.8722681772270116,-0.820443628316594,0.4257126916476084
Holland1,z3,15,0.114619980744869,1.4079328003280493,0.31530004589995947,0.7571846315176323
Holland1,z4,15,0.4006002685471574,2.2685946408325024,0.6839115903050892,0.5051943628838885
Holland1,z5,15,0.043720644455558115,0.9053677310462929,0.18702823400403934,0.8543218016310014
Holland1,z6,15,0.07972290203990937,0.9148538528112258,0.3375025103333156,0.7407450307992738
Holland1,z7,15,-0.5879888488103635,1.5859128738833477,-1.4359370282567705,0.17298691404706007
Holland1,z8,15,0.014613081395015434,1.5110859715856237,0.03745400456618644,0.9706518425720655
Holland1,mlu_morphemes,15,0.6581951015994907,5.198431202555584,0.49037460874675665,0.6314648779215655
Holland1,mlu_words,15,0.23003425687389212,1.95943070340078,0.4546824975149711,0.6563080531188954
Holland1,ttr,15,0.01167645420436455,0.07567805171035155,0.5975670839062013,0.5596710190166369
Holland1,ndw,15,11.0,38.13884409065682,1.117045307063156,0.28277928754119297
Holland1,verbs_per_utterance,15,0.04859620651649476,0.40488315485178905,0.46485583870768166,0.6491821468675167
Holland1,utt_len_std,15,0.3390794215131342,1.9029724305463784,0.690104034867681,0.5014094678532903
Holland1,function_word_ratio,15,-0.012429941798570262,0.04180455982720175,-1.151571928497267,0.2687843448725291
Holland1,hapax_ratio,15,0.0039025457174098888,0.08577643722796838,0.17620800140220003,0.8626540183635947
Holland1,single_word_ratio,15,0.025153174906359817,0.0966077130665169,1.0083856083985676,0.3303809274769579
Kurland,z1,26,0.8444094778208824,1.9978736282923237,2.155121497124732,0.040977713687026115
Kurland,z2,26,1.3030630027915344,2.6095792834394542,2.546135969441605,0.017433002701402824
Kurland,z3,26,0.4464373070763517,1.17882470117144,1.9310695967907694,0.06488874772077088
Kurland,z4,26,-0.11258978976296839,1.1989322731856396,-0.4788406717147343,0.6362135927169403
Kurland,z5,26,-0.1909009367130174,1.1255948840650587,-0.8647939105296737,0.3953744840189171
Kurland,z6,26,-0.0004587853987669639,0.720110734713883,-0.0032486055103645656,0.9974337766353714
Kurland,z7,26,-0.12202971492193988,1.4224350234580787,-0.43744135047548915,0.6655471007911707
Kurland,z8,26,-0.25766531304146817,0.7716470859367448,-1.7026442309174232,0.10103839157513446
Kurland,mlu_morphemes,26,1.130107274818289,3.182829619821859,1.810476756551656,0.08225806268853911
Kurland,mlu_words,26,0.07513533700701586,0.9886637049012033,0.38750947127914304,0.7016586578551947
Kurland,ttr,26,-0.005730240128032401,0.046961648291343944,-0.6221801681478726,0.539457036327743
Kurland,ndw,26,-7.175641025641028,33.474446051600886,-1.0930347751200717,0.2847995713545861
Kurland,verbs_per_utterance,26,0.1221708990286846,0.2545551179878333,2.447217730543572,0.02176532749285245
Kurland,utt_len_std,26,0.002912880843395693,0.8426263414963867,0.017626835917411134,0.9860764734978194
Kurland,function_word_ratio,26,0.058394671924532154,0.13750803614642124,2.1653685121063195,0.04010287252527157
Kurland,hapax_ratio,26,-0.005695185189941532,0.0560091589125656,-0.5184841368957148,0.6086795803530066
Kurland,single_word_ratio,26,0.005774983195386491,0.07058296235764287,0.4171934843813986,0.6800978088727739
MSU,z1,16,0.14225160436941564,0.8869022895469703,0.6415660712391565,0.5308371398275453
MSU,z2,16,-0.09803210840000512,0.3794856967616132,-1.0333154502166895,0.31782964353354726
MSU,z3,16,-0.047241172008873705,0.894277292126289,-0.21130435682449308,0.8354937950731743
MSU,z4,16,-0.20468329517654557,0.6395997249897154,-1.280071189397943,0.2199631684150775
MSU,z5,16,-0.016381431186887868,0.5567127650422575,-0.11770113577794056,0.9078660795171613
MSU,z6,16,-0.036450435676030284,0.4688167999321357,-0.31099939832622653,0.7600811238761448
MSU,z7,16,0.007274958157941321,0.4096598865255711,0.07103412755046219,0.9443090272102233
MSU,z8,16,-0.10017874091026696,0.7503377805533148,-0.5340460976729337,0.6011354179692912
MSU,mlu_morphemes,16,0.37403040711193614,1.8819268905838944,0.7949945536851071,0.4390155057715157
MSU,mlu_words,16,0.1678211341855138,0.7863254033189934,0.8536981431715632,0.40669934067114544
MSU,ttr,16,-0.01081905026493879,0.027341475573401233,-1.5828041520134999,0.13431853997224014
MSU,ndw,16,-2.557291666666666,29.691230759734058,-0.3445181087117147,0.7352393849965896
MSU,verbs_per_utterance,16,0.006368815472394453,0.12695991769795667,0.20065594206026977,0.8436629404151815
MSU,utt_len_std,16,0.01890524261170437,0.8549355868859289,0.08845224319444235,0.9306873703203161
MSU,function_word_ratio,16,-0.0025419667183888654,0.015078890204601392,-0.6743113541905551,0.5103727205439458
MSU,hapax_ratio,16,-0.002079255418824859,0.04713265146485896,-0.17645987265325863,0.8622930648872609
MSU,single_word_ratio,16,0.001630200653958211,0.035803143118388274,0.18212933412775706,0.8579197532139997
SCALE,z1,16,-1.9268150958216292,2.9899269193045446,-2.5777420623642606,0.021008733518928065
SCALE,z2,16,-2.3049639109374165,3.5597417443281265,-2.5900349817342834,0.020501519354844882
SCALE,z3,16,-0.1262528113834081,1.8509657841902967,-0.27283661850861773,0.788699159835238
SCALE,z4,16,0.432584907990999,1.6759984040122962,1.0324231979109337,0.3182337405923405
SCALE,z5,16,-0.3529076710790609,1.4576536499538255,-0.9684266796580657,0.34818799034350056
SCALE,z6,16,0.5001182020520614,1.5301323728254748,1.3073854548376498,0.210767687070774
SCALE,z7,16,-0.20591971162793274,1.0247645582663663,-0.8037737447762443,0.43408131226812763
SCALE,z8,16,-0.1334947628476596,0.8976867516868304,-0.5948389573392343,0.5608178301943945
SCALE,mlu_morphemes,16,-2.3537116677218375,4.716120630731254,-1.9963116739504474,0.06438312099297985
SCALE,mlu_words,16,-0.452935290166088,1.5309033469943558,-1.1834458159761485,0.25504948083315593
SCALE,ttr,16,0.0340975780982849,0.07911713962523627,1.7239034808285043,0.10526713764465008
SCALE,ndw,16,-0.7750000000000004,40.37834494801317,-0.07677382527667316,0.9398181550552888
SCALE,verbs_per_utterance,16,-0.18659732542995455,0.3376397843650832,-2.2106082762828754,0.04301520597341174
SCALE,utt_len_std,16,-0.1939813526148049,0.9155792094521384,-0.8474694515218575,0.4100524037745682
SCALE,function_word_ratio,16,-0.1469023961610557,0.27746709987279905,-2.117763096646789,0.05130910637227543
SCALE,hapax_ratio,16,0.023002214553090185,0.08552575397168698,1.075802947528764,0.2990152552288103
SCALE,single_word_ratio,16,0.03887347139956711,0.15041101817612343,1.0337931853914666,0.3176134318542424
Tucson,z1,6,0.5667793084916313,4.527769999193676,0.3066233715094254,0.7714881592081206
Tucson,z2,6,0.5514978403269604,5.6802304127263,0.23782280029017133,0.8214568550175451
Tucson,z3,6,-0.001873904352047891,1.3853367926119893,-0.0033133527628639854,0.9974844637742131
Tucson,z4,6,-0.2523557089862922,2.30435853830325,-0.26824936763089463,0.7992226871694863
Tucson,z5,6,0.17445188926567834,0.5552655589363016,0.7695743171682048,0.4763166349389303
Tucson,z6,6,0.31472718578088105,1.1787873175176418,0.6539950013788185,0.5419953909818467
Tucson,z7,6,1.2228218431039493,1.6830923591965108,1.779634697744253,0.1352585452276356
Tucson,z8,6,0.21397916671189168,1.4282752091842368,0.3669739351769847,0.7286575948533064
Tucson,mlu_morphemes,6,0.4519938521155815,6.931623166161233,0.15972511459697847,0.879349537799488
Tucson,mlu_words,6,0.18416781238435798,1.303646674453868,0.3460425100039369,0.743395994984499
Tucson,ttr,6,0.000677414488829344,0.07912252537291736,0.020971522763960616,0.9840795396803047
Tucson,ndw,6,11.277777777777773,28.70088397141699,0.9625069741951526,0.3800004189196198
Tucson,verbs_per_utterance,6,-0.00951062630289194,0.5698952721140581,-0.0408780046375174,0.9689752397977487
Tucson,utt_len_std,6,0.31877130733559567,0.7977242366638697,0.9788182578952231,0.37262265751763823
Tucson,function_word_ratio,6,0.07023370330474889,0.4016838175103179,0.42828893857104505,0.686263154507031
Tucson,hapax_ratio,6,4.0923481518906346e-05,0.06832834893322398,0.0014670579603423806,0.9988861904472347
Tucson,single_word_ratio,6,-0.030207573256909828,0.09125860530757378,-0.8108072723420329,0.45432357236081955
UNH,z1,11,1.431819079909585,1.1684391577040667,4.064231008025434,0.0022710857712519026
UNH,z2,11,-0.27816823526595674,0.9701864737144312,-0.9509302489451542,0.3640568485403193
UNH,z3,11,-0.803928942362835,2.2337224377809566,-1.1936714315201957,0.26015486359741663
UNH,z4,11,-0.5540317508890364,1.5406389448420115,-1.192696994837436,0.26051954974528374
UNH,z5,11,0.46083538824113435,1.2657464228309359,1.2075231225976375,0.25501486477878366
UNH,z6,11,-0.15193953911347308,1.700775184487657,-0.2962922123130117,0.7730689846152006
UNH,z7,11,0.922099821634935,1.9109079010892387,1.6004220432986207,0.14058802562937678
UNH,z8,11,-0.025717943399439204,1.4991381001642425,-0.056897205551771475,0.9557479033740511
UNH,mlu_morphemes,11,2.1383578181744465,1.7153996531154339,4.134389637730913,0.00202992070221435
UNH,mlu_words,11,0.9048954955269416,0.6230896855585932,4.816640208792809,0.0007057753924903377
UNH,ttr,11,-0.04062780229290485,0.08108375421718408,-1.66182705232646,0.1275288844840075
UNH,ndw,11,20.681818181818183,26.29611869812461,2.6085154116806297,0.026107218265614452
UNH,verbs_per_utterance,11,0.10084678915334644,0.12938045431802947,2.5851738015355195,0.027174035287022145
UNH,utt_len_std,11,0.44447024865633417,0.5267672877469384,2.798467329993375,0.018844030950323835
UNH,function_word_ratio,11,0.016501168790990863,0.11874627492392331,0.4608833878544958,0.6547428677842985
UNH,hapax_ratio,11,-0.028624487035020407,0.09854721379489285,-0.9633624295979382,0.35808277585992876
UNH,single_word_ratio,11,-0.09522923944435226,0.08294797710701193,-3.80768365092691,0.003442229109516691
