id,category,status,bytes,file_count,title,citation,url,local_path,note,error
eyben_2016_gemaps,acoustics,downloaded,808572,,The Geneva Minimalistic Acoustic Parameter Set (GeMAPS) for Voice Research and Affective Computing,"Eyben et al. (2016), IEEE Transactions on Affective Computing, DOI 10.1109/TAFFC.2015.2457417.",https://opus.bibliothek.uni-augsburg.de/opus4/files/38554/0214.pdf,data/external/literature/acoustics/eyben_2016_gemaps.pdf,,
fromm_2024_flucalc_aphasia,aphasia_discourse,downloaded,489171,,FLUCALC automated fluency measurement in aphasia,"Fromm et al. (2024), Journal of Speech, Language, and Hearing Research.",https://talkbank.org/aphasia/publications/2024/Fromm24-fluency.pdf,data/external/literature/aphasia_discourse/fromm_2024_flucalc_aphasia.pdf,,
frontiers_2024_multimodal_aphasia_discourse,aphasia_discourse,downloaded,520833,,Frontiers 2024 multimodal aphasia discourse paper,"Frontiers in Human Neuroscience (2024), DOI 10.3389/fnhum.2024.1419311.",https://www.frontiersin.org/journals/human-neuroscience/articles/10.3389/fnhum.2024.1419311/pdf,data/external/literature/aphasia_discourse/frontiers_2024_multimodal_aphasia_discourse.pdf,,
macwhinney_2024_spoken_discourse,aphasia_discourse,downloaded,16906125,,Spoken discourse in AphasiaBank/TalkBank context,"MacWhinney et al. (2024), TalkBank aphasia publication.",https://talkbank.org/aphasia/publications/2024/MacWhinney24.pdf,data/external/literature/aphasia_discourse/macwhinney_2024_spoken_discourse.pdf,,
pittman_2025_ciu_discourse_ml,aphasia_discourse,downloaded,545229,,Pittman 2025 CIU/discourse ML,"Pittman et al. (2025), TalkBank AphasiaBank publication.",https://talkbank.org/aphasia/publications/2025/Pittman25.pdf,data/external/literature/aphasia_discourse/pittman_2025_ciu_discourse_ml.pdf,,
nature_2026_aphasia_digital_twin_rct,aphasia_treatment,html_cached,263947,,Predicting bilingual aphasia treatment outcomes using digital twins: a double-blind randomized controlled trial,"Kiran, Carpenter, Grasemann, Scimeca, Marte, Russell-Meill, Peñaloza, Tripodis, Miikkulainen et al. (2026), npj Digital Medicine, DOI 10.1038/s41746-026-02583-9.",https://www.nature.com/articles/s41746-026-02583-9,data/external/literature/aphasia_treatment/kiran_2026_bilingual_aphasia_digital_twins.html,"Nature article page is open and indexed; PDF endpoint returned HTML in this environment, so the local cache is HTML.",
botting_2020_mls_young_adult_dld,dld_longitudinal,downloaded,284529,,"Language, literacy and cognitive skills of young adults with Developmental Language Disorder (DLD)",,https://openaccess.city.ac.uk/id/eprint/23291/1/Language%2520and%2520cognitive%2520skills%2520of%2520young%2520adults%2520with%2520DLD%2520as%2520accepted%2520for%2520CRO.pdf,data/external/literature/dld_longitudinal/botting_2020_language_literacy_cognitive_young_adults_dld.pdf,,
scales_ukds_user_guide,dld_longitudinal,downloaded,1127017,,SCALES Data T2-T5 User Guide,"Norbury, Griffiths, Gooch, Lucas and the SCALES Consortium (2022), UK Data Archive Study Number 8968 user guide.",https://doc.ukdataservice.ac.uk/doc/8968/mrdoc/pdf/8968_user_guide_scales_primary_08_07_22.pdf,data/external/literature/dld_longitudinal/scales_8968_user_guide_t2_t5.pdf,,
calder_2020_explicit_grammar_dld,dld_treatment,downloaded,812088,,Explicit grammar intervention in young school-aged children with Developmental Language Disorder,,https://discovery.ucl.ac.uk/id/eprint/10128237/1/Calder%20et%20al.%20%282020%29_Green.pdf,data/external/literature/dld_treatment/calder_2020_explicit_grammar_intervention_dld.pdf,,
calder_2020_figshare_supplements,dld_treatment,downloaded,6499922,22,Grammar intervention in young children with DLD Figshare supplemental materials,"Calder, Claessen, Ebbels, and Leitão (2020), ASHA Figshare dataset, DOI 10.23641/asha.11958771.",https://asha.figshare.com/articles/dataset/Grammar_intervention_in_young_children_with_DLD_Calder_et_al_2020_/11958771,data/external/literature/dld_treatment/calder_2020_figshare_supplements,,
emt_sf_clinicaltrials_icf,dld_treatment,downloaded,214786,,Maximizing Outcomes for Preschoolers With Developmental Language Disorders - ClinicalTrials.gov consent/protocol document,,https://cdn.clinicaltrials.gov/large-docs/93/NCT03782493/ICF_000.pdf,data/external/literature/dld_treatment/emt_sf_nct03782493_icf.pdf,,
mls_age11_blank_form,manchester_docs,downloaded,1980582,,Manchester Language Study age 11 blank paper data form,,https://reshare.ukdataservice.ac.uk/853965/4/MLS_age11_BlankPaperData.pdf,data/external/literature/manchester_docs/mls_age11_blank_paper_data.pdf,,
mls_age11_readme,manchester_docs,downloaded,164260,,Manchester Language Study age 11 readme,"Conti-Ramsden, Botting, Durkin, and Toseeb (2020), MLS age 11 ReShare documentation, DOI 10.5255/UKDA-SN-853965.",https://reshare.ukdataservice.ac.uk/853965/13/ReadMe.docx,data/external/literature/manchester_docs/mls_age11_readme.docx,,
mls_age11_variable_list,manchester_docs,downloaded,44783,,Manchester Language Study age 11 variable list,"Conti-Ramsden, Botting, Durkin, and Toseeb (2020), MLS age 11 ReShare documentation, DOI 10.5255/UKDA-SN-853965.",https://reshare.ukdataservice.ac.uk/853965/3/MLS_Database_Variablelist_description.docx,data/external/literature/manchester_docs/mls_age11_variable_list.docx,,
mls_age16_blank_form,manchester_docs,downloaded,2325029,,Manchester Language Study age 16 blank paper copy,,https://reshare.ukdataservice.ac.uk/854103/5/MLS_age16_BlankPaperCopy.pdf,data/external/literature/manchester_docs/mls_age16_blank_paper_copy.pdf,,
mls_age16_readme,manchester_docs,downloaded,74334,,Manchester Language Study age 16 readme,"Conti-Ramsden, Botting, Durkin, and Toseeb (2020), MLS age 16 ReShare documentation, DOI 10.5255/UKDA-SN-854103.",https://reshare.ukdataservice.ac.uk/854103/3/readmedoc16yearMLSFinal.docx,data/external/literature/manchester_docs/mls_age16_readme.docx,,
mls_age16_variable_list,manchester_docs,downloaded,102006,,Manchester Language Study age 16 variable list,"Conti-Ramsden, Botting, Durkin, and Toseeb (2020), MLS age 16 ReShare documentation, DOI 10.5255/UKDA-SN-854103.",https://reshare.ukdataservice.ac.uk/854103/13/MLS_Database_Variablelist_description_doc.docx,data/external/literature/manchester_docs/mls_age16_variable_list.docx,,
mls_age23_informant_questionnaire,manchester_docs,downloaded,188729,,Manchester Language Study young adulthood nominated informant questionnaire,,https://reshare.ukdataservice.ac.uk/852066/10/NominatedInformant_Questionnaire.pdf,data/external/literature/manchester_docs/mls_age23_informant_questionnaire.pdf,,
mls_age23_participant_interview,manchester_docs,downloaded,575263,,Manchester Language Study young adulthood participant interview,,https://reshare.ukdataservice.ac.uk/852066/9/Participant_Interview.pdf,data/external/literature/manchester_docs/mls_age23_participant_interview.pdf,,
mls_age23_readme,manchester_docs,downloaded,67809,,Manchester Language Study age 23 readme guide,"Conti-Ramsden, Durkin, Pickles, and Botting (2016), MLS young adulthood ReShare documentation, DOI 10.5255/UKDA-SN-852066.",https://reshare.ukdataservice.ac.uk/852066/55/ReadmeGuide.docx,data/external/literature/manchester_docs/mls_age23_readme_guide.docx,,
mls_age23_variable_list,manchester_docs,failed,,,Manchester Language Study age 23 variable list,"Conti-Ramsden, Durkin, Pickles, and Botting (2016), MLS young adulthood ReShare documentation, DOI 10.5255/UKDA-SN-852066.",https://reshare.ukdataservice.ac.uk/852066/48/Variables_list_age23.xlsx,data/external/literature/manchester_docs/mls_age23_variable_list.xlsx,,HTTPError: HTTP Error 401: Unauthorized
mls_age7_blank_form,manchester_docs,downloaded,415982,,Manchester Language Study age 7 blank paper data form,,https://reshare.ukdataservice.ac.uk/853746/17/MLS_age7_BlankPaperData.pdf,data/external/literature/manchester_docs/mls_age7_blank_paper_data.pdf,,
mls_age7_readme,manchester_docs,downloaded,261014,,Manchester Language Study age 7 readme,"Conti-Ramsden, Botting, Durkin, and Toseeb (2020), MLS age 7 ReShare documentation, DOI 10.5255/UKDA-SN-853746.",https://reshare.ukdataservice.ac.uk/853746/13/ReadMe.docx,data/external/literature/manchester_docs/mls_age7_readme.docx,,
mls_age7_variable_list,manchester_docs,downloaded,35142,,Manchester Language Study age 7 variable list,"Conti-Ramsden, Botting, Durkin, and Toseeb (2020), MLS age 7 ReShare documentation, DOI 10.5255/UKDA-SN-853746.",https://reshare.ukdataservice.ac.uk/853746/14/MLS_Database_VariableList.docx,data/external/literature/manchester_docs/mls_age7_variable_list.docx,,
scientific_reports_2025_user_pdf,nature_2025,copied_from_downloads,2058431,,User-provided Scientific Reports 2025 paper PDF,"Scientific Reports (2025), DOI 10.1038/s41598-025-24725-x.",local user download,data/external/literature/nature_2025/s41598-025-24725-x.pdf,,
lorusso_2022_nwrt_bilingual_dld_dataset,paired_tasks,blocked_http_403,,,Dataset NWRT Italian-German bilingual DLD nonword repetition task,"Lorusso, Eikerling, and Bloder (2022), Zenodo dataset, DOI 10.5281/zenodo.6519135.",https://zenodo.org/records/6519135/files/NWsAsRows_FinalSelectionFrontiers_def.xlsx?download=1,data/external/literature/paired_tasks/lorusso_2022_nwrt_italian_german_bilingual_dld.xlsx,"Zenodo landing page is public, but direct file download returned HTTP 403 from this environment.",HTTPError: HTTP Error 403: Forbidden
lorusso_2022_nwrt_bilingual_dld_paper,paired_tasks,downloaded,969445,,A Nonword Repetition Task Discriminates Typically Developing Italian-German Bilingual Children From Bilingual Children With DLD,"Lorusso, Eikerling, and Bloder (2022), Frontiers in Psychology, DOI 10.3389/fpsyg.2022.826540.",https://www.frontiersin.org/articles/10.3389/fpsyg.2022.826540/pdf,data/external/literature/paired_tasks/lorusso_2022_nonword_repetition_bilingual_dld.pdf,,
paradis_2013_nonword_tense_li,paired_tasks,downloaded,185607,,Discriminating children with language impairment among English language learners from diverse first language backgrounds,,https://talkbank.org/childes/access/Clinical-Eng/0docs/Paradis2013.pdf,data/external/literature/paired_tasks/paradis_2013_nonword_tense_language_impairment.pdf,,
fiveash_2023_osf_sentrep_data,structured_tasks,downloaded,88431,,Fiveash 2023 OSF sentence repetition data and analysis scripts,"Fiveash et al. (2023), OSF project msbn4 accompanying DOI 10.1038/s41539-023-00170-1.",https://osf.io/msbn4/,data/external/literature/structured_tasks/fiveash_2023_osf_manifest.txt,,
fiveash_2023_rhythmic_primes_dld,structured_tasks,downloaded,646659,,Regular rhythmic primes improve sentence repetition in children with developmental language disorder,"Fiveash et al. (2023), npj Science of Learning, DOI 10.1038/s41539-023-00170-1.",https://www.nature.com/articles/s41539-023-00170-1.pdf,data/external/literature/structured_tasks/fiveash_2023_rhythmic_primes_sentence_repetition_dld.pdf,,
kueser_leonard_2020_frequency_predictability_dld,structured_tasks,downloaded,328925,,The Effects of Frequency and Predictability on Repetition in Children With Developmental Language Disorder,"Kueser and Leonard (2020), Journal of Speech, Language, and Hearing Research, DOI 10.1044/2019_JSLHR-19-00155.",https://drive.google.com/file/d/1YhYjFhM-1kaZlOCx6dfpXI7KvIM2kDdT/view?usp=sharing,data/external/literature/structured_tasks/kueser_leonard_2020_frequency_predictability_repetition_dld.pdf,,
hakim_ratner_2004_nonword_stuttering,stuttering,downloaded,167710,,Nonword repetition abilities of children who stutter: an exploratory study,,https://talkbank.org/fluency/access/0docs/Hakim04.pdf,data/external/literature/stuttering/hakim_ratner_2004_nonword_repetition_children_stutter.pdf,,
ratner_2018_fluencybank,stuttering,downloaded,330826,,FluencyBank corpus paper,,https://talkbank.org/fluency/access/0docs/ratner2018.pdf,data/external/literature/stuttering/ratner_macwhinney_2018_fluencybank.pdf,,
smith_weber_2016_childhood_stuttering_review,stuttering,downloaded,53242,,Childhood Stuttering: Where Are We and Where Are We Going?,,https://talkbank.org/fluency/access/0docs/smith2016.pdf,data/external/literature/stuttering/smith_weber_2016_childhood_stuttering.pdf,,
spencer_weber_fox_2014_stuttering_recovery,stuttering,downloaded,436044,,Preschool speech articulation and nonword repetition abilities may help predict eventual recovery or persistence of stuttering,,https://talkbank.org/fluency/access/0docs/spencer2014.pdf,data/external/literature/stuttering/spencer_weber_fox_2014_recovery_persistence_stuttering.pdf,,
